,Passengerid,Age,Fare,Sex,sibsp,Parch,Pclass,Embarked,Survived
count,1309.0,1309.0,1309.0,1309.0,1309.0,1309.0,1309.0,1307.0,1309.0
mean,655.0,29.50318563789152,33.28108563789152,0.3559969442322384,0.4988540870893812,0.3850267379679144,2.294881588999236,1.4927314460596786,0.2612681436210848
std,378.0200611960517,12.905240585464622,51.74149976752607,0.47899728344132936,1.0416583905960977,0.8655602753495125,0.8378360189701319,0.8146255675254218,0.4394936401080235
min,1.0,0.17,0.0,0.0,0.0,0.0,1.0,0.0,0.0
25%,328.0,22.0,7.8958,0.0,0.0,0.0,2.0,1.0,0.0
50%,655.0,28.0,14.4542,0.0,0.0,0.0,3.0,2.0,0.0
75%,982.0,35.0,31.275,1.0,1.0,0.0,3.0,2.0,1.0
max,1309.0,80.0,512.3292,1.0,8.0,9.0,3.0,2.0,1.0
